{
  "$schema": "https://schema.management.azure.com/schemas/2015-01-01/deploymentParameters.json#",
  "contentVersion": "1.0.0.0",
  "parameters": {
    "WebVMName": {
      "value": "WebVM"
    },
    "WebVMAdminUserName": {
      "value": "labadmin"
    },
    "WebPublicIPDnsName": {
      "value": "simpl108pm"
    },
    "WebVMAdminPassword": {
      "value": "L@BadminPa55w.rd"
    },
    "SQLVMName": {
      "value": "SQLVM"
    },
    "SQLVMAdminUserName": {
      "value": "labadmin"
    },
    "SQLVMAdminPassword": {
      "value": "L@BadminPa55w.rd"
    },
    "SQLVMSKU": {
      "value": "Web"
    }
  }
}